{"cameraMode":{"drawMode":0,"name":"Shaded","section":"Shading Mode"},"sceneLighting":true,"audioPlay":false,"sceneViewState":{"m_AlwaysRefresh":false,"showFog":true,"showSkybox":true,"showFlares":true,"showImageEffects":true,"showParticleSystems":true,"showVisualEffectGraphs":true,"m_FxEnabled":true},"in2DMode":false,"pivot":{"x":0.49191462993621828,"y":0.01535123586654663,"z":0.5593600869178772},"rotation":{"x":-0.11988398432731629,"y":0.8006351590156555,"z":-0.17090855538845063,"w":-0.5616063475608826},"size":1.2511999607086182,"orthographic":true}